an	angel	ever	forgotten	listened	mist
17	age	around	comforting	early	find	forgot	gentle	graduated	grew	grow	jesus	job	leave	loving	most	mr	no	people	pretensions	reeves	simple	smooth	sounds	sweet	think	town	who
everyday	who
appreciate	because	child	cry	death	fear	funerals	got	jim	over	reeves	reminded	rip	souls	touches	your
70	changes	didn	do	jim	reeves	teenager	things
71	also	comes	feeling	jim	listened	puts	reeves	since	tunes
18	1966	47	67	able	aisle	apc	babies	both	cry	dianne	down	driver	foreboding	girlfriend	gunner	hawaii	high	inducted	into	june	knowledge	laid	later	make	married	marry	might	months	rpg	senior	texas	took	usmc	walk	wedding
1964	also	before	charity	colour	concert	death	dvd	few	interviewed	jim	june	length	norway	only	picked	rare	shop	weeks
47	contents	follow	god	grew	heart	its	jim	lord	muslim	only	our	places	praise	praises	reeves	seen	sure	type	universal	well	words
grew	jim	lane	reeves
1970	cry	dance	favourites	grandfather	grandparents	hearing	jukebox	pub
fine	gentleman	jim	our	parents	player	record	tune	tunes
44yr	album	away	drift	jim	reeves
60	early	england	fantastic	jim	john	listened	lot	reeves	singer
1966	coming	heart
father	jim	lps	player	record	reeves
1966	born	by	everyone	missed	number	singer	well
remembering
children	comfort	lot	parents	too
candy	fond	jim	momma	oldies	over	such
if	known	only	would
away	dance	get	goosebumps	has	passed
being	cannot	child	furniture	gramaphone	grandparents	house	itself	jim	made	piece	replicated	rose	small	somehow	sound	such	suited	today	tone	vacuum	valves	well	wood
away	both	boy	each	everytime	god	hums	late	too	way
59	almost	country	crash	death	forever	jim	live	plane	reeves	shattered	singers	untimely	will	world
army	came	home	jim	join	left	make	our	piece	player	record	reeves	sure	them	till	told	wore	would
amazing	country	get	over	peter	remind	served	thinking	while	will
40years	boy	drinks	ever	few	house	jim	live	long	only	party	reeves	would
captured	died	everyone	favourite	hrs	jim	last	reliving	sadly	shares	spent	such	who	will
10	about	after	away	came	correctly	crash	died	disc	if	jockey	mr	news	over	passed	plane	reeves	said	wire
30	47	australia	away	blue	caught	child	hearing	husband	started	straight	sung	western	whilst	words
asked	both	father	going	gone	into	law	loving	mary	mother	name	people	them	war	world
gentleman	jim	mary	name	too	well
give	more	soon	taken	too
awesome	bless	distant	drums	god	inverness	jim	jims	listened	since	singer	teens
genesis	punk	rock
cafe
2006	away	cry	frequently	grandmother	hearing	listened	passed	quite	september	since	singer	thinking	want
parents
60s	70s	big	breakfast	could	dean	does	early	fix	gosh	hank	jim	jimmy	jones	late	morning	nearly	or	pancakes	put	reeves	sausage	sunday	us	williams	would
cash	granddad	jim	johnny	liked	reeves	who
arranged	beautifully	during	enough	era	kind	know	knowing	labor	live	lucky	produced	real	record	sad	see	smile	well	will	written
track
an	around	awesome	cheer	down	face	grin	lane	live	long	other	trip	where
classic	do	hanging	sure	there	throw
31	babe	been	god	husbands	joke	months	no	passed	rip	since	use	will	yrs
1974	brilliant	last	remind	wen	year
fell	gosh	oh	sweet	tune	youth
70	94	az	classic	fm	gold	graffiti	jack	kool	phoenix	posting	show	weekend	wolfman
most	thought
lady	north	oahu	shore	special	sunset	watching
42	after	attention	because	broke	choose	competing	growing	guy	heart	ladies	other	reconnected	turned
1990	after	bawled	beatles	broke	came	checking	did	elvis	eyes	gate	get	guardhouse	lump	people	sight	throat	together	wife	work	your	youtube
elvis	everytime	funeral	grandma	head	there
everything	imagine	live	lyrics	side
10	been	broke	ever	heart	later	loving	more	most	regret	relationship	ruined	should	transparent	woman
along	amazing	blessed	both	curled	deep	fathers	give	glad	lap	mary	most	receive	sat	shared	showing	sung	them	together	welsh	while
reminded	usa	which	youthful
baritone	could	everytime	golden	growing	swoon
11	adults	announcement	around	aunt	came	died	elvis	family	into	kitchen	shock	shocked	standing	too	tv	watching
child	rip	sweet
eyes	tears
45	67	alive	bought	came	motown	record	sound	well	yo
19	came
black	college	fantastic	group	guys	probably	soul	steve	teens	thought	winwood
60	70	fantastic	rock
14	17	boot	fantastic	mono	no	stereo	steve	winwood	year
sure	thats
francisco	san	way
an	died	laura	name	wife
16	clearly	dancing	mama
everyday	hearts	laura	longer	name	no	our	remains	us
80s	depressing	early	ever	most	tape	thing	thinking
banger	cars	do	lorry	meeting	our	race	racing	way
11	away	cd	grandad	learned	listens	lost	passed	sadly	will	words
1993	como	italia	laura	turn
lovely	made	us	video	work
changed	daughter	dont	even	eyes	growing	if	im	know	late	later	leoni	name	obviously	stuck	tears	teens	thats	toddler	tunes	which
dads	favourite	last	lost	singers	year
absolutely	artist	come	grandfathers	jim	reeves
dear	distant	drums	jim	maybe	reeves	unforgettable
banned	been	bonnie	lies	lol	ocean	over	personally	sad	sadder	think
1960	big	charts	hit	memorable	no	teenager	wander	weeks
lol
14	20	90s	ask	bullshit	called	contact	courage	during	facebook	flowing	found	friends	got	happily	joking	kids	later	laura	living	married	messages	met	part	plucked	separate	true	ways	went
blackstone	crossroads	laura	lived	where	wonder
child	oh	such	use
forget	gonna	jim	sad
along	grandad	grandparents	hearing	jim	nan	reeves	rip	who
been	different	experienced	head	lot	shoulders	things	would	younger
yesterday
caretaker	embarrassing	everyday	find	men	need	sang	sweet	tommy	usually	would
also	been	check	choice	completely	composure	couldn	favorites	funeral	grandad	guess	hit	home	kept	lost	mary	melancholy	more	named	nan	over	peaceful	perfect	quite	relatively	service	soon	started	thinking	throughout	too	uplifting	us	utterly	which	year
chronic	constant	danced	dancing	engaged	got	husband	jim	live	mining	no	over	pain	passed	reeves	who	worked	world
age	alive	brought	father	feelings	living	lot	man	parents	prime	teen	younger
73	alive	lord	take
20	21	also	before	damn	few	house	into	knows	might	moment	name	oct	or	ran	reconnected	store	tv	watched	who
73	around	elvis	king	late	let	mother	stay	talk	true	watch
after	believe	hard	less	passed	re	than
an	bedroom	deep	elvis	etc	ever	forget	here	looks	oldie	posters	singers	surpass	tuning	videos	wall	younger
58	before	booth	bought	changed	chemist	local	oh	our
only	schoolboy
1965	2018	25	53	78	band	called	decca	fun	gets	golden	hello	included	june	knows	list	lost	made	might	miming	net	presidents	recording	reflection	released	rock	romance	together	trend	video
wasn
6pm	become	big	called	channels	dances	did	even	going	group	home	hurry	kings	local	our	star	such	teen	teenage	think	tv	went	where	would
31	died	do	ever	get	greatest	ll	lovely	rip	start	today	your
angel	blue	christmas	gram	lps	orbison	our	roy	stereo
16	about	aunt	cousin	cute	dum	everywhere	haha	lonely	lot	only	orbison	roy	yeh
concert	got	pictures	took	visited	ya
an	awesome	bro	brother	cat	died	few	greatest	roy	stevens	thats	think	though	tie	whenever	who
bless	god
50	60	if	live	most	rubbish
nostalgia
fantastic	grandparents
girl	listened	lot
after	album	boyfriend	loosing	such	wore
asked	couldn	decades	developed	did	different	done	if	impossible	interview	learned	nobody	person	probably	roy	said	sang	someone	something	style	tell	told	why
1988	able	appreciation	away	been	could	drop	enough	father	few	front	growing	has	lucky	november	passed	pin	row	roy	said	sang	seats	see	since	such	uk	unfortunatley	weeks	went
able	done	fantastic	live	lot	past	quality	revisit	singers	superb	through	took	treasure	video	well	youtube
able	also	anyone	artist	by	charts	country	crossed	grows	happened	impeccable	over	perfection	pop	pure	record	shot	sung	technically	unforgettable	well	which	who
country	oldies
grannys	party
40	50	60	about	anything	lou	nc	raleigh	thought	top
45s	bursting	country	don	gave	girl	grandmom	heart	hello	home	honey	house	over	playing	said	take	them	until	walls	why	will
country	girl	hearing
end	thought	yes
1985	86	country	doing	during	help	please	soulful	sweet
holiday	lovely	parents
apply	lots	navy	today	words
child
grew	hall	party	rock	roll	teenager	town
1950s	1960s	during	grand	growing	ole	opry
60	70	entertainment	forward	late	least	lip	live	look	our	started	weekends
remembering
girlfriends	jukebox	wow
such
away	oh	ya	yes
mama	over
1979	an	asked	bar	barbados	barmaid	bought	by	coffee	dec	disc	europe	hank	here	label	lp	middle	name	next	paper	pickwick	postings	rare	singin	store	unknown	who	wrote
brought	country	kind	long
ever	hank	locklin	since
an	chair	clack	clipy	daddy	rocking	sleep	use	would
getting	unbelievable	yokel	younger
being	country	fed	figure	force
few
omg
eyes	gives	gold	grew	recall	tears
57	an	child	country	hood	into	remind	weeks	will	yes
admit	come	eyes	know	water	your
calling	child	country	find	grandparents	hate	hillbilly	myself	no	or	other	parents	reason	rock	than	whatever
artists	black	do	night	our	saturday	seeing	sharing	sure	tv	white
around	delivered	heads	lovely	message	minutes	only	our	records	ring	singer	thumbs	unbelievable	well
bed	child	dancing	even	feel	imagine	place	sick	would
dancing	don	lt	sad	stories	such	today
55	dancing	has	mother	only	parents	passed	posting	watching	wedding
reminiscing
10	30th	70	august	away	learned	passed	roller	skate
lovely	such
everyday	family	happiness	teen
62	married	passed
drinks	family	few	friends	get	togethers	who	would
dance	definitely
40yrs	about	by	club	engelbert	last	night	remind	waltz
grandma	grandpa	kind	ol
playing	radiogram	records
bad	lot
dance	end	forever	last	lingers	mind	must	nice	should	until	waltz
grandparents	lyrics	seven	strange	understand
dancing	do	grandparents	hope	sweet	wherever
charge	church	got	liked	person	wedding	went
70	around	aunts	dance	end	floor	late	man	mid	older	receptions	twirling	uncles	wedding
engelbert	humperdinck
1968	dance	gramophone	griffiths	has	instructions	mrs	our	primary	shouting	student	taking	teacher	us	waltz	would
already	because	dance	danced	daughter	during	even	gone	hand	hands	happened	hold	hug	junior	last	lend	night	papa	prom	remained	saying	senior	thing	tight
70	boyfriend	sentimental	theme	yahooo
1960s	bus	fairground	girl	happiest	innocence	largs	pal	playing	remind	such	trip	waltzers	went	will
60	late
ex	girlfriend
remembering
bedroom	below	kitchen	mother	playing	sun	sunset	sweet
friend
1970	british	club	legion	people	tranent
60th	anniversary	danced	diamond	forever	last	parents	such	their	wedding	weekend	will
1969	danced	exact	record
died
2016	before	daughter	died	mant	our
ever	marvelous	tastefully
amazing	era	fell	grow	lucky	where
anymore	blast	don	house	make	our	past	playing	them
15	20	far	until
11	15	1927	2009	april	dancing	feb	jensen	june	living	our	remembering	room
2019	anyone	remembered
also	blasting	child	elvis	frank	full	gospel	grandma	grew	house	jones	mother	our	passion	presley	sinatra	tom
about	another	because	find	girlfriend	guy	left	long	sad	who
funny	girl	only	thought	yrs
everytime	granddad	phenomenal
has	mother	sunday
1977	reminding
anytime	because	careful	daddy	if
1968	engelbert	glad	grew	high	real	released
coming	daddy	father	hang	home	loves	next	omg	philippines	there	year
20	child	grandfather	grandpa	heaven
feel	listened	make	missed	people	place	rewind	something	tried	where	who
2019	flashback	gone	july	only	remains	uncles
bottom	cause	creator	everything	father	granddaughter	heart	here	know	law	our	papa	re	right	will
each
album	engelbert	humperdinck	list
after	closing	eyes	forever	help	lost	nothing	relive	remove	them	us	while	yesterday	your
2018	pops	someone
if	own	self	stirs	written
better	did	fantastic	heart	make	or	person	place	relive	sounds	special	way	your
lonely	partner	please	sin	someone	sweet
1975	take
amazing	blast	buried	come	deep	growing	haven	mid	mind	past	power	real	seventies	something	suddenly	surface	transport	wow	your
amazing	child	damn	everything	feel	felt	gave	its	ok	parents	reminding	secure	sharing	should	such	world	wow	yet
right	thats	there
about	age	down	fantastic	lane	omg	replaced	take	talk	trip
almost	lovely	posting	such	teary	vivid
70	band	by	catchy	magic	right	think	though	track	tune
brothers	long	sisters	uploading
classic	don	make	nowadays	pilot	younger
by	dream	few	gone	happier	look	moments	there
bringing	by	comparison	feel	fore	kids	knew	looks	mattered	modern	more	musical	offerings	pale	real	realize	than	themselves	today	youtube
closing	evokes	front	future	spend	twenty	wishing
50s	mid	suddenly	teenager
25	afterwards	attendance	attractive	called	dairy	disco	doing	drive	driver	drivers	enjoyed	equipment	especially	fork	help	john	ladies	lift	london	lot	mobile	other	pack	parties	ran	set	sloop	stay	take	truck	turn	various	west	worked
ever	record
70s	child	drop	emotional	middle	pilot	simpler
could
brought	glad	pleasure	southam
birthday	buying	record	sister
49	did	uploading
part	pilot
tune
aunt	ever	grace	remind
amazing	anthony	clich	concerned	full	no	walsh	where
12	also	an	any	by	caught	different	don	early	even	eye	get	girl	incurable	issue	know	later	look	months	more	motown	platform	realize	rock	romantic	think	though	undergraduate	vividly	who	why	woman
14	21	30	another	anyone	cheated	dated	else	ever	has	if	let	man	married	marry	mary	mother	name	naver	or	passed	thornwell	wait
20s	62	captivating	could	do	god	hi	holgmany	house	karaoke	mid	new	parties	rest	sang	soul
1997	59	aged	an	around	australia	belfast	both	child	died	drinking	incurable	left	missed	mother	murray	romantic	ruby	sadly	same	smoking	soon	sydney	too	victim	world
bless	brother	heartthrob	innocent	more	older	ruby	simpler
20	another	awake	barrack	bond	fellows	nights	room	said	should	stay	sunday	ted	there	tooting	top	version
60yrs	an	fast	gram	magical	masters	moments	putting
13	died	mums
76	aussie	fan	keen	mad	sure	wow
looked	sounded
1950	58	8th	along	basco	beginning	brother	fellow	ginnie	ginny	going	grade	graduated	havu	knew	maddox	name	nickname	older	once	other	sang	skip	skipper	spelt	students	teenage	their	together	virginia	walter
brewer	cleaning	don	growing	hearing	house	sounded	teresa	use	would
father	page	patti
72	bought	im	off	reach	record	where
75	last	made	playing	them	todays	will	youth
after	big	brewer	fan	father	kinda	lady	named	partial	sharing	teresa
after	amazing	billy	darling	do	heaven	jillian	least	log	most	place	playing	singer	us	week	whole	wide	world	your	youtube
billy	eckstine	feel	full	hearing	melancholy	warm
after	billy	cardiff	concert	eckstine	met	see	sixty	together	uk	wales	went	wife
gem	made	posting	share	superb
teen
1950s	alive	beach	bet	billy	boy	early	eckstein	golden	if	island	lido	live	long	only	parents	room	see	sounded	sounds	standing	took	tour
50s	bye	club	impersonate	kyrill	morgan	mr	trinant	use
50s	family	lovely	singer
along	boone	came	clearly	danial	door	ed	green	hilarious	oddly
1962	ames	boone	born	character	connect	daniel	didn	ed	later	mingo	niece	playing	quite	series	until	well	would
1989	around	born	dance	daughter	don	hold	house	know	months	precious	stumbled	sweet
almost	ames	carson	ed	hilarious	johnny	lost	manhood	show
2002	being	generations	grandparents	head	passed	since	stuck	through	would
61	born	child	clever	grandfather	lyrics	sang	voices
actually	baby	chorus	daughter	ever	haha	sharing	step	ve	video	whole
55	born	literally
2015	been	brain	comes	down	embedded	fifty	filtered	flooding	granddaughter	grandsons	has	into	later	nine	only	or	parts	since	subconscious	three	ve	yes
26	above	adore	baby	beloved	daddy	father	heaven	high	kisses	listens	our	thousand	who
happier	reminder	safer	sincere
50	60	computer	did	ever	experience	no	sit	today	well
could	covey	did	emotion	female	fifties	lyrics	singers	sixties	such	sweet	today
1952	born	entirety	its	lullaby	sang
who
17	another	army	bitter	exact	home	join	left	morning	playing	record	story	sweet	turned
away	boy	came	children	ever	fortunately	going	goodbye	haven	jimmy	later	married	named	older	passed	raised	sang	say	sharing	since	sister	started	steady	two	until
23	age	brother	crying	died	hearts	jimmy	name	stopped	want
an	been	billy	boy	brother	far	felt	got	happier	jimmy	long	lullaby	mother	nickname	nicknamed	nonetheless	sad	sang	sharing	since	such	too	tyke	upbeat	while
been	brought	danced	eyes	girls	god	hurts	million	tears	terribly	them	thinking	tune	uploading
94	after	bless	by	dry	fifty	going	hand	look	mangle	putting	see	seven	since	strong	there	through	us	washing	year
because	child	cry	funny	made	sister	thought
cry	girl	older	see	sister
could	friend	july	left	over	see
10	badly	been	could	died	even	get	gone	jimmy	may	over	see	though	try	well
13	appeared	been	enjoy	lovely	posting	wanting
lovely	usa
shows	tv	watch
1950s	dickie	lovely	remembered	singer	valentine
50s	nostalgia	singer
an	asset	consider	corn	crooner	dickie	earned	entertainer	guy	lovely	make	microphones	missed	near	no	period	rip	sadly	silk	singer	their	today	where	words	writers	writing
6rtr	germany	munster
absolutely	ernie	feel	ford	forgotten	lovely	past	should	whenever
brilliant
crazy	mother	post	such
1954	55	afn	army	germany	hdqrs	hit	luxembourg	most	night	seventh	stuttgart	uk	us	while
younger
believe	crying	gone	long	man	oh	posting	sang	write
broken	copy	fifties	found	got	here	mine	pleased	put	way	who	youtube
age	high
morning	parents	saturday
kind	morning	sunday
16	1963	youth	yrs
could	don	know	missing	must	people
clasmate	danilo
10	50	60	brenda	dear	early	emotions	hearing	late	records	such	turn	year
1963	boat	by	bye	decades	holds	missed	numerous	strong	way
could	during	lovely	meaningful	performing	see	them	turn
end	nostalgia	world
12	1963	brenda	lee	pretty	such	well
beautifully	classical	hauntingly
hearing	melody	sends	tune
10	11	booming	by	foley	gal	introduction	or	red	such	sure	tv	year
flies	oh	only	wow
anything	backwards	being	by	currently	enriched	era	exchange	fact	forwards	garbage	goes	going	issues	kids	lives	matter	no	previous	teen	terrific	their	tune	wise	would
1963	high	sad	senior
13	1963	explosion	happening
brenda	davis	didn	exposed	grew	know	skeeter	soul	until	version
brenda	crush	lee	lol	older	than	two
10	big	bless	chart	found	god	later	only	sad	sister	sisters	take	why
artist	brilliant	everlasting	greetings	ireland	youth
davis	do	hard	skeerter
2006	broke	down	left	sixties
being	ends	guess	human	knowing	literally	lots	meant	nostalgia	reasons	someone	suppose	toddler	world
away	because	cancer	early	growing	lord	passed	sister	took
video
thankful	youtube
50	after	apart	clock	could	drifted	gail	if	only	turn
film	grow	hit	knowing	make	passed	sad	stars	them
2019	70	asking	been	better	bringing	lived	seirus	station	which	why	world
2019	60s	70s	november	remembering	take
another	don	dreams	has	kind	know	magical	mesmerizes	nostalgias	soul	spell	word
fav	late	lonely	sister	us
16	1963	cry	youth
adore
1963	63	accident	also	avery	bad	basketball	big	brenda	champs	dear	devistating	died	friend	graduation	grandfather	high	junior	kennedy	lost	night	part	president	second	senior	shoot	singer	small	state	where	year
absorbed	been	knew	may	sang	sleep	understood	word
enough	liked	meaning	understand
across	cement	child	hardened	has	long	since	stumbled	ve	version	wet	will	world
1963	50	barber	came	cents	during	haircut	home	lunch	morning	no	paid	plus	saturday	shop	sitting	snowy	sounds	there	tip	waiting	went	winter
dedicated	tara
lovely	nostalgia	pictures	sad	sweet
60	come	early	omg	please
11	2014	car	grandfather	heaven	our	way	would
56	during
brother	elder	fantastic	popular
angst	challenges	child	real	teenage
1992	2015	55	71	age	died	parents	witch
13
cruise	dances	did	everything	generation	goes	head	living	moms	passed
after	away	grade	hope	kind	maggie	man	moved	oh	shortly	th
34	came	car	im	oldies	only	others	station	would
60s	70s	80s	bodies	bouncers	dances	didn	don	drugs	each	favourite	gone	missing	money	mutilate	night	no	other	ourselves	park	parties	piercings	police	refreshing	respected	rock	spend	summer	tattoos	tenderness	your	youth
anybody	came	did	feel	got	ooh	pain	reminded	same	sweet	who
away	both	boyfriend	friend	kept	over	playing	shame	stole	them
woman
boarding	by	came	children	choice	comes	don	due	felt	grandchildren	hoping	looking	mind	money	mother	nor	or	sharing	thirteen	visit	windows
sure
being	by	dumped	emotions	full	girlfriend	loss
40	hit	top
evokes
yes
13	1960	age	ageless	already	appreciate	artists	connie	francis	knew	others	parents	taught	us
boy	high	long
an	changed	during	glad	gorgeous	handsome	history	human	humanity	knew	men	most	movies	must	people	pity	say	there	well	wise	women	word	worse	youngster
away	heart	lonely	medicine	oldies	ones	parents	passed	who
marvelous	moments	nice
happened	wow
better	bless	brenda	child	god	lee	make	marvelous	may	singer
feel	million	them	today
heart	sounds
before	believe	came	forgive	instantly	missed	today
missed
ate
boy	come	father	find	here
2018	even	marvelous	moments
2018	dear	passed	remembering	sironaca
about	forgot
cared	only	singer	teenager
bringing
67	mean	older
17	1962	56	along	friends	going	here	korea	lyrics	memorize	over	popular	speakers	through	town
12	1963	alabama	allowance	anything	brenda	buy	case	cent	couldn	earnings	earplug	else	everyday	fair	greater	gulf	japanese	lee	meet	minute	mobile	night	performance	performed	records	single	sleep	state	stayed	think	transistor	went
1963	dates	doze	early	get	hope	lovely	off	right	snow	snowy	south	upper	us	winter
catchy	nice	simpler	them	tune
awesome
14	15	around	contest	danced	dancers	early	most	part	party	philippines	romantic	sister	think
by	passed	same	stays
everyone	made
70	benson	reason	robbie	tune
brought	sears	wow
oh	simple	them
about	backlash	could	peers	social	worry	your
age	because	didn	english	even	know	learned	oh	though
70	does	during	early	flood	germany	mind	stationed	usaf	wow
brought	child	commercial	sweet	tv
an	ex	rides	sunday
although	cupcakes	didn	film	has	hot	long	mellowed	nostalgia	other	saw	soundtrack	summers	teenager	wanted
another	classic
40	brought	over	sears	well	which	words	yesterday
by	evokes	gone	timeless	yearn
come	distant	gone	hearing	hope	however	karen	lives	long	lost	new	ones	our	past	there	think	through	totally	us	while	will
another	chinese	deeply	english	forget	nearly	say	small	teenager	town	twenty	two
1970	70	an	backyard	being	kind	outside	own	patio	playing	sitting	softly	stations	sun	wonder
band	round	someone	sound	there
70s	awesome	being	cant	knock
father	morning	mother	sung	while	woke
albums	friends	precious	teen
about
oldies	past	tears
group	holds
aunts	dance	house	livingroom	record	stereo	would
16	came	incredible	wow
1976	certainly	dances	did	find	hard	heart	memorable	most	records	smile	stand	tracks	year
lady	special	way
70	definitely
1977	9th	fell	grade	graduation	high	john	jr	real	summer	wannamaker	year
19	australia	by	camping	cassette	deck	fishing	get	gets	glimpses	lonely	north	nostalgia	older	or	passes	past	playing	quickly	remote	sometimes	though	through	twin	western	year
76	conversation	dance	drink	fantastic	has	hold	intro	mobile	people	phone	right	seen	summer
college	dream	got	graduated	ibm	job
marvellous	miracles
chester	heart	pa	sweet
70s	box	cd	damn	danced	listened	room	world	worry
get	hearing	homesick	oldies
40	an	angel	comparing	girl	idea	listened	long	merry	nice	perhaps	year	yester
14	45	did	disc	don	get	got	home	penny	player	record	rpm	save
driving	grade	man	playing	riding	son	way
28	beach	being	by	car	fell	felt	grandma	or	summer	sunny	thats
12	1976	70	aged	belts	disco	ever	funfair	holiday	minehead	nearly	no	off	records	safety	spinning	summer	thrown	waltzer
artists	group
18	1976	taken	want	whenever
actually	dancing	fun	soul	there	train	watching
15	actually	air	an	behind	blue	brand	called	crowd	entire	ever	introduced	new	perform	pilot	plane	saw	show	speakers	strike
10	47	its	wow
bbc	chicago	dancing	disco
appear	because	generation	make	new	nostalgia	want
2019	dec	greetings	mabuhay	northern	part	philippines	reminiscing
20	before	extreme	karen	longing	nostalgia	period	reason	rip	way
across	yeas
beat	beautifully	cancer	carpenter	close	haven	hope	joy	karaoke	karen	swear	talked
by	changed	gone	has	looking	rather	sad	seems	today
ever
awesome	material	sweet	tune
boy	chinese	country	freedom	grandma	mcdonald	missed	people	want	world
want
lovely
about	carefree	cry	forever	its	kept	only	places	remain	reminded	right	things	will
70	better	funner	less	simpler	tech	world
2019	come
car	carpenters	riding	their	tunes
about	everything	jeez	parents
70s	early	growing
07	1977	2019	august	carpenters	exactly	husband	met	nice	today
57	being	by	fast	looking	passed	sad	teenager	think
19	cassette	cassettes	change	collection	growing	keeps	more	no	nostalgia	only	playing	tape	through
50	cry	license
2016	22nd	daughter	july	passed	remembering	who
2019	29	dated	girl	impossible	june	lane	lot	owed	pay	taught	today	who
2019	29th	48am	dubai	full	june	unforgettable
by	cried	did	elementary	feeling	flies	getting	listened	lyrics	quite	stronger	understand
cause	crying
15	brought	eyes	friend	reminded	sang	since	tears	today
anymore	anything	because	before	changed	do	fast	fix	innocent	oh	or	past	people	person	re	relive	sad	tears	there	things
50	60	70	after	alive	comment	common	doing	everything	eye	find	gives	gonna	goosebumps	got	ha	if	internet	isn	leave	ll	maybe	or	since	sometimes	teary	where
2018	august	been	cry	la	nonstop	sha	shines	since	woah
arrangement	boy	drum	lyrics	oh	perfection	sweet
27	97	age	around	died	flash	grandma	missed
do	floods	girl	head	hearing	lot	no	off	playing	recently	where
2019	come	growing	here	june	nostalgia
absolutely	after	apologies	bad	because	blow	feel	grammartical	habit	make	melody	mistakes	relaxed	secondary	send	since	steam	student	such	want
18	although	backseat	car	do	english	even	kindergarten	know	learned	means	year
africa	east	kenya	teenager
1973	angel	away	carpenter	karen	may	mother	passed	rip
50	60	70	73	80	about	although	angel	big	called	contemporaries	course	friends	glad	graduated	hs	knew	oldies	sisters	teen	well	words
16	1st	68	compare	fast	flies
kindergarten	made	past	teacher
12	51	boy	changed	has	high	junior	smiles	tears	teenage
14	died	feel	grandmother	remembered	sad	which
along	cry	grow	see
finally	find	tons
mp3	player	remembered	since
beside	longing
1973	64	feel	forever	greatest	hit	september	will
everytime	kind	musics	parents	traveling
clearly	comeback	noise	omg
amazing	been	feel	made	night	since	sleep
brought	cassette	classic
1970s	early	elementary
cried	forever	getting	healthy	older	people	realized	return	sell	stay	them	ticket	want	way	who
2019	hahaha	nice
40	away	before	behind	beloved	friends	leaving	nearer	passed	past	unforgettable	which	while
1970s	40	able	afford	already	band	break	broadcasted	carmen	castes	china	classic	conservative	country	enough	faction	firm	here	image	iron	player	poor	rules	streets	strong
36	an	could	cry	karen	lost	painful	sadly	today	way	weird	world	yesterday
baby	carpenters	damn	hit	lol	loud	lullaby	sang	tape	yes
top
anymore	here	them
1973	46	along	came	canadian	carole	dating	experienced	flautist	free	french	lives	more	once	others	place	responsibilities	student	thats	through	transports	where	will	yesterday
30	boy	long	mind	primary	romantic
deceased	nostalgia	sentimentality
them
12	about	begin	girls	myself	romantic	romanticism	said	vision
behind	carpenters	couldn	introduced	karen	left	putting	repeat	sad	stay
car
1974	album	around	arrangements	bringing	brothers	cathy	fell	floor	house	karens	living	masterpiece	neighbor	none	over	player	pop	princess	record	room	sat	second	singles	will
40	about	away	brother	children	hearing	passed	who	younger
forget	grade	sixth	will
die	hard	youth
happiest
come	grew	heart	nice	touches
more	once	yesterday
could	decency	meaning	more	once	yesterday
also	bad	come	sleep
cry	made
once	only	want
1973	45	after	along	australian	cargo	coast	communication	composition	destination	did	headed	melbourne	mesmerized	purchased	reaching	receiver	record	rpm	sailing	ship	station	store	style	suddenly	thing	unknown	way
70s	fresh	give	missed	sadly	sounds	today
afternoon	cassette	sunday	vibes
10	almost	been	everytime	its	listened	piece	since
5th	certainly	cried	elementary	english	grade	sure	waiting
away	gone	melted	more	once	re	yesterday
1956	about	attention	been	big	century	coming	desoto	everytime	face	father	grabbed	half	has	honestly	karen	later	left	liked	nearly	rich	riding	say	seat	smile	soon	too	truly	us	yours
80s	happiest	sad
bringing	karen	lots	most	such
familiar	lyrics	rhythm	take
clearly	come
actually	family	friends
1973	almost	beach	being	fl	ft	more	once	spent	two	vacation	walton	weeks	yesterday
after	come	cry	even	friend	long	lost	make	once	show	where	will	yesterday
fond	golden	top
also	bringing	cousins	didnt	doing	down	drive	emotions	fill	get	hey	innocence	karen	kids	lane	nuts	real	records	rip	seems	soon	spin	trip	weekends
changed	heart	if	line	lyrics	rather	reversed	sad	seem	strike	there	today	vietnamese	want	which	words
believed	brought	check	cover	feel	free	has	lot	means	nice	ones	page	please	slow
cry	forever	make	remind
1973	date	lingers
gone	grew	shame	them	types
70s	growing
1960	2018	40th	bkk	born	europe	friend	know	missed	most	such	them	till	use	will
20	close	could	ever	express	eyes	last	long	meet	missed	more	single	than	till	ve	words
use
1976	6th	class	during	glasgow	grade	hansen	montana	teacher	their	year
album	christmas	favorites	grew	their
clearly	come
bringing	finally	found	let	parents	part
by	has	heaven	introduced	mother	our
feeling
2018	amazing	clearly	come	more	natural	once	talent	who	wow	yesterday
1970	beneath	carpenters	earpiece	guam	june	landing	landscape	late	nice	playing	unfolded
around	being	child	fabulous	oh	seaside	trips
away	come	or	please	take	them
age	anymore	because	crazy	did	do	laugh	listened	recall	things
cry	listened	made	missed	strongly	understand
10	15	60s	about	an	being	came	could	earlier	early	funny	longed	look	relate	reminiscing	teenager	younger
both	early	left	sad	too	us	your
40th	already	get	more	once	yesterday
album	car	could	finally	found	grandpa	japan	listened	oh	only	shalalala
afternoon	middle	plays
into	making	myself	night	stop	tears
30	about	after	competition	during	emotions	ever	finding	forgot	growing	lived	memorized	past	singers	tears	yesterday
early	flashing	keep	mind	seventies	whenever	wow
actually	against	chinese	countries	different	doesn	each	english	fight	humanity	loves	other	races	said	see	something	there	till	together	ugly	understand	us	weeping	which
by	changed	gone	has	looking	rather	sad	seem	today
cant	father	found	gradually	help	lyrics	passed	room	stop	tape	tears	understand
affordable	among	bought	brand	buy	cheap	cool	country	current	display	easter	egg	enough	even	feature	gather	higher	included	inside	lacks	lyrics	managed	money	mp3	ones	player	sadly	something	sorts	struggling	teenager	today	usb	which
by	did	expect	gives	goes	if	listener	passed	past	quickly	recalling	serenity	silence	yesterday
appreciate	due	eighteen	eleven	family	knew	listened	lyrics	melody	nice	only	or	pain	resonate	strongly	struggling	studies	ten
alive	felt	stell
ballroom	capital	dancing	disco	dj	edwards	friday	greg	jesus	london	lyceum	night	radios	town
lots
3pm	brother	busting	everyone	flick	friends	handball	high	home	neighborhood	playing	saturday	shaw	tail	until	watch
birmingham	blades	silver	sundays
14	15	bar	barman	came	feed	jukebox	keep	knew	only	or	over	playing	pop	uk
11th	2019	absolutely	forever	july	playing	rip	saddest	will
band	bringing	darlington	done	england	fabulous	lovely	shirley	well
1963	1965	1979	57	age	climb	comes	did	do	feel	into	machine	moves	people	press	respects	see	stuff	there	today	want	way
60s	amazing	before	born	came	captial	gold	grow	harmonys	over	sunday	their
1966	45	among	bought	certainly	exciting	faces	full	genuine	get	harmonies	hollies	its	over	perfect	perform	player	pleasure	record	rousing	singers	smiles	soaring	teenage	them	thirteen	tired	watch
because	bobby	by	drumming	drums	elliott	hollies	immediately	oh	older	or	over	perfect	playing	records	say	sisters	struck	teenager	too	tried	twenty	while	yes
carl
10	45rpm	bringing	brother	home	record	yardbirds
away	british	fast	high	invasion	slipped	too
about	against	anti	beatles	beginnings	burn	did	doob	establishment	guard	guys	high	if	kids	most	protest	revolt	soldiers	sort	thing	too	wanna	witnessing	yarbirds	youth
12	1966	ahead	cats	deserved	given	musically	only	priceless	props	rightly	their	way	yardbirds	year
timeless
husband	met	or
agree	albums	awesome	books	brother	elvis	few	freaking	handsome	history	intrigued	library	made	millions	peace	presley	read	records	rest
air	before	lot	popular	senior	summer	year
child	compassionate	confessing	each	feelings	filled	flashbacks	get	italy	living	lovers	other	southern	street	there	where
heaven	sung
car	remind	way
awesomeness	benson	brilliantly	george	glen	pure	sang	take
forever	party	will
cassette	horrible	listened	quality	recorded	recorder	teenager
80	remembered
about	born	gentle	innocent	no	or	pure	sexuality	singer	there	today	violence	way	who	why
80	90	ever	such	youth
dance	during	has	lasted	lot	sister	their	wedding
1985	80s	find	into	looked	released	swear	until
18	fast	goes
17	1987
1988	backyard	dance	friend	learning	slow	summer
80s	experienced	hahaha	wow
40	80	90	era	experience	glad	got	mid	sad	teenager
anyone	clock	could	else	get	knowing	live	ll	messed	our	rest	thing	turn
build	machine	must	need	please	someone
ask	damn	dance	dances	high	jr	nerve	someone	working
32	after	loving	met	mine	reconnected	stopped
80	change	feeling	gonna	its	nothing	same
1980	about	car	forget	kill	lady	think	together	will	wreak
actually	boys	call	date	girl	jobs	living	longer	make	marriage	mattered	money	no	path	phone	place	romance	sad	seemed	taken	things	value	worth	would
classics	timeless
met	most	today	wife	woman
brain	coming	youth
17	1987	aren	awesome	kids	lasted	raised	together	wedding	why	wonder
18	1988	fond	form	leaving	party	sixth	summer
80	boy	dancing	era	ever	girls	magic	parties	wonderfull
away	didn	family	felt	friends	heart	know	last	moved	or	past	together	would
close	cry	eyes	flashback	most
12	beauty	forever	gave	girl	innocence	man	oh	puppy	recorded	released	serenity	stay	swore	tape	who	year
17	19	1987	30	50	almost	beach	brought	did	each	exactly	girlfriend	gives	incredible	lot	mind	nostalgia	other	passed	running	same	such	video	watching	who
80	90
especially
kind	thankful	younger
17	about	although	came	didn	ever	going	holiday	italy	know	or	restaurant	since	tv	ve
man	stomach	turned
bits	chick	ever	get	gone	got	hats	live	phone	your
40	about	after	because	boy	brought	come	doe	eyed	fell	flies	future	innocent	knew	man	must	name	optimistic	seemed	tv	watch	would
18	30	80	after	better	high	nothing	our	succeed	sweetheart	than	true	try
holiday
girl	made	mix	tape
80	anymore	don	feel	fun	glen	making	no	oh	recently	singer	sweet	there	why
80s	build	machine	need
didn	grow	legendary
80s	could	will
80	brother	drive	lake	reservation	roads	sunrise	use
80s	90s	boy	changed	could	things
14	1966	faces	fantastic	john	live	rip	scott	version	voices
60s	absolutely	brilliant	brothers	came	escape	fire	handsome	into	luton	ritz	saw	teenager	them	walker	went	where	wife
teenager
50	take
please	take
60s	came	colors	down	fantastic	girl	hendricks	hippy	jees	jimmie	john	lady	omg	place	same	screamed	see	shouted	them	uk	wearing	went	who
could	know
14	an	being	faithfully	marry	option	ready	scott	steady	totally	unfortunately	walker	wanted	watched
almost	painful	period	will
13	calypso	dances	doing	girls	going	has	hit	line	long	man	passionate	romantic	there	would	year
child	feel
60	england	minute	ready	steady	teen	theicewitch54	watched	while
brilliant	its	mums
1996	60s	bought	brilliant	concert	denisex	distant	during	going	hemel	hempstead	hit	live	pav	pavillion	performed	pop	sharing	summer	their	top	volume	warm	wishes
grew
60	along	being	bliss	mums	right	sheer	side	would
1966	certainly	changed	got	hair	hey	high	kicked	long	wearing
2019	60	awesome	bands	brothers	else	endless	energies	era	etched	experiences	gary	gone	hearts	high	john	matters	most	nothing	our	raised	re	rip	rock	roll	scott	their	them	walker	yes	youth
10	16	53	came	crush	feeling	found	girlfriend	got	hearing	heartache	later	lyrics	same	sign	true	who	written	year
2019	60	attached	being	goosebumps	melodrama	sept	teenager
attached	big	come	did	know	mysterious	place	teens	world
please	real	simpler	too
absolutely	get	sad	there
60	70	alive	felt	optimistic
favorites	lovely	new	timeless
anymore	because	broke	eyes	going	heart	rise	sun	tears	thought	yeah
big	could	give	see	sister	wendy	whatever	would
10	63	brilliant	cam	certainly	classic	era	hits	them	there	tune	vocals
66	almost	bar	beggar	blind	box	classic	cornell	early	forehead	george	innocent	juke	killing	kray	march	outright	playing	ronnie	sat	shot	straight	through	timeless	while	whitechapel
brought	called	crap	eyes	grandchild	tears
brought	crazy	non	stop	teen
audio	cassette	child	rap	tape
germany	jam	stationed
way	wise
came	club	jumping
club	teen	texas
80	club
1980s	cool	don	guy	lil	look	man	oh	wayne
80s	take
could	damn
2000s	90	90s	boy	dance	dancing	do	fiance	floor	generation	last	man	new	night	take
girls
beats	better	cant	gardens	god	roller	rolling	skating	top
def	down	reminiscing	rink	skating	too	track
ah	came	classic	damn	dance	dope	floor	friends	hell	here	high	literally	right	shit	tear	track	use
ah	awesome	rink	skating
88	89	been	came	everybody	fl	got	groups	looking	lot	man	name	new	there	tyndal
1988	anyway	because	chance	got	hating	jams	kind	rapping	rocking	whatever
70	everything	more	say	than
80
70s	bath	bathing	precious	real	us	while
being	girl	parents
2009	6th	away	became	boyfriend	cassette	ex	grade	has	husband	late	later	lol	our	pass	sent	since	think	use	whenever
80s	because	car	deceased	didn	each	getting	give	hard	knew	know	mother	other	something	turn	usually
1980	40	about	age	blink	came	cat	doggo	early	enough	even	existed	eye	feels	forgotten	gives	if	ish	lady	live	ll	long	lovely	lucky	nostalgia	probably	right	saw	serenading	sweet	until	warm	yesterday
big	hit	more	say	than	words
2019	airport	broken	goodbye	heart	here	high	moving	saying	state	truly
father	often	sings
2019	feels	fresh	past	relate
teenager	wow
feeling	omg	throw
carefree	joyful	leo	remind	yes
broadcasting	classic	corp	enjoy	excellent	srilanka	youth
30	after	apropos	gives	goodness	innocent	nice	smile
2019	january	looking	next	nothing	parents	playing	seat	sister	sitting
eyes	tears
inhaling	nostalgia	soon	there	would
danced	high	maine	our	portland	roller	skated	sweethearts	wedding	well	wheels	wife
80s	being	humming	nostalgia	proud
another	garbage	past	today	world
after	father	liked	moment	morning	open
14	82	danube	exactly	falling	feeling	girl	hand	kiss	long	shores	summer	tied	walks	year
1981	after	birthday	care	ladies	shelter	sister	tasmania	tassie	women	wow
62	chevy	driving	ever	flatbed	forgotten	has	lol	middle	momma	only	passed	rip	say	stood	while	would	wow
heart	mind	sweet	warms
60s	70s	80s	beat	getting	nothing
sang
remind
before	ever	feeling	fresh	gives	green	leaving	leo	sayer	single	tracks	wow
1980	20	different	drove	girlfriend	indiana	least	phoenix	stations	there	way
better
1998	friend	girl	high
1980	discos	machine	madrid	pubs
mine	missed	moons	younger
alright	classic	mate
50	60	70	80	being	better	could	feelings	inside	older	place	sung	touched	understand	words
growing
60s	70s	drives	turns
above	amount	an	bitter	bringing	cherished	enormous	sweet	yup
because	born	date	later	oh	real	well
13	boyfriend	cause	cry	field	long	loud	myself	or	over	reminded	trips
1954	age	anyone	aware	been	born	captured	commented	elvis	emulate	even	gifted	grandmother	has	imagination	or	others	popular	presence	presentation	sound	started	there	through	today	who
21	28	after	bought	car	cd	crying	divorce	down	driving	ended	later	loud	marriage	rolled	turning	windows
